"client_id","wp_url"
2059,"scottgriffin.com"
2036,"trojanfinance.com"
1679,"homeloansbakersfield.com"
2053,"apmortgagesd.com"
2028,"imyourmortgageguy.com"
2075,"southernhl.com"
1761,"edgehomefinancecorp.com"
2055,"innovatemortgage.com"
2161,"flhomemortgages.com"
2088,"mottomortgagemike.com"
2142,"foxxmortgage.com"
2026,"zeroclaimsquote.com"
2197,"mortgageswithdirk.com"
2168,"mortgageexpresso.com"
2248,"mymassachusettsmortgage.com"
2230,"nwihomeloans.com"
2267,"_ceolender.com"
2226,"iapprovedfw.com"
1822,"socalmortgagepros.com.old"
2130,"jclearymortgage.com"
2306,"dreamhousebuying.com"
2205,"timcranstonteam.com"
2307,"umhomeloans.com"
2254,"kcloanguy.com"
2371,"jncfunding.com"
2330,"123mynewhomeloan.com"
2369,"clgmortgage.com"
2424,"davidgoldhirsh.com"
2116,"hfcenters.com"
2443,"indianafairway.com"
2422,"mortgagesmiles.com"
2208,"mademortgage.com"
2490,"mortgagewithkerri.com"
2511,"financehomelife.com"
2491,"bankerbenton.com"
2521,"cachevalleymortgagepros.com"
2520,"agneshomeloans.com"
2566,"_wmsource.com"
1693,"diamondmortgagedenver.com"
2569,"yourmortgagewithtrust.com"
2533,"travispenny.com"
2595,"vailmortgage.com"
2610,"frederickmortgageloans.com"
2588,"betterlendingteam.com"
2619,"iapproveabq.com"
1674,"jpotts.com"
2596,"coloradohomebuyer.org"
2605,"lamarcloans.com"
2661,"meridianloan.com"
2702,"hyraxfinancial.com"
2694,"thephangroup.com"
2715,"frankthebanc.com"
2683,"thenextcasa.com"
2656,"loan-ceo.com"
2740,"mortgagespecialist.net"
2747,"t-savage-2747.leadpops.com"
2746,"bluehomeloans.com"
2657,"iapprovepdx.com"
2719,"_aplusfunding.com"
2816,"jrmercuriorealestateandmortgage.com"
2876,"millerlending.com"
2814,"mymalvernbankmortgage.com"
2722,"approvedbybrandon.com"
2772,"evergreenreo.net"
1338,"calstatelender.com"
2881,"elixirmortgagelending.com"
1659,"awmloan.com"
1562,"nc-mortgagerates.com"
2855,"markthemortgageguy.net"
2838,"firstfidelityfunding.com"
2847,"jackolsonhomeloans.com"
2915,"cmelending.com"
2928,"inlandlender.com"
2942,"nobodybeatsmyrates.com"
2905,"primesourcemtg.com"
2857,"venturahomeloan.com"
2819,"mydmvloan.com"
2826,"brevardmortgagepro.com"
2936,"thatlendingguy.com"
2987,"_loanfimortgage.com"
2892,"sandiegoinsurancequoter.com"
2888,"lendingorange.com"
2232,"sierraviewfinancial.com"
2988,"fcfunding.com"
2968,"newunitedfunding.com"
2851,"socalhomelending.comm"
3012,"sdmortgagehound.com"
2997,"excelbroker.com"
2974,"dianepaul-loanchick.com"
1829,"unitedresidential.net"
3060,"americasbesthomeloan.com"
3063,"merchantshomelending.com"
2878,"wisconsinwholesalemortgage.com"
1621,"gateway4loans.com"
3062,"mattwalshmortgage.com"
3040,"robbyoakes.com"
1301,"_applywithsully.com"
1966,"rcgmortgage.com"
1410,"ownmtg.com"
1417,"oceansmortgage.com"
2230,"americanherohomeloans.com"
1895,"preapproval.com"
1411,"mdcgroup.net"
3124,"dollarlead.clubcom"
874,"aspirehomemortgage.com"
3143,"team644.com"
3144,"mortgagemomradio.com"
3146,"pkmortgage.com"
3147,"loansbyamanda.com"
3148,"_kellyrogersteam.com"
3151,"thesextonteam.comm"
3152,"_yorkpamortgage.com"
3155,"micklosteam.com"
1335,"callthemax.com"
2214,"crystalclearmortgages.com"
3046,"bestfinancecap.com"
3023,"rescomfs.com"
3110,"midstatebrokers.com"
3085,"utahlo.com"
3105,"mortgageteam.com"
3183,"angeloakdirect.com"
3187,"southeasternhomeloans.com"
2969,"mottomortgageag.com"
1216,"myconnecticutmortgage.com"
3106,"welcomehomeoklahoma.com"
3170,"jefftheloanguy.com"
2996,"laderalending.com"
3204,"buynowcali.com"
3188,"teamteranhomeloans.com"
3241,"lumenwoodgroup.com"
3280,"wisconsinmortgagegroup.com"
3141,"tripphomeloans.com"
3266,"veteranhomeloancenter.net"
3287,"zierlending.com"
3242,"fortmyersmortgageexpert.com"
3275,"yesmortgage4u.com"
3215,"emeraldhomeloans.com"
2871,"besthomeloanadvice.com"
2145,"getapproved.mortgage"
1390,"firstoptionvaloans.com"
3039,"dmvhomeloancenter.com"
3317,"marksbestrate.com"
3325,"sacramentomortgagerates.com"
3253,"mortgagebrokerwestpalmbeach.com"
3368,"sherrisherpy.com"
3348,"pamortgagemaster.com"
3340,"kowarskyhomeloans.comm"
3386,"dallastarleton.com"
3387,"ericringermm.com"
3388,"brandonvogler.com"
2979,"iapprovehomeloan.com"
3135,"homelendusa.com"
3373,"carlosperezphd.com"
2858,"southlakemortgageteam.com"
3422,"milestone-lending.com"
3445,"vankeef.com"
3447,"jagmortgages.com"
2993,"oakleaffunding.com"
3446,"swflmortgageloans.com"
3423,"homesourceflorida.com"
3465,"thesextonteam.com"
3019,"mer1loans.com"
3411,"local-lender.com"
3452,"borrowsmart.biz"
3454,"nextlevelloans.com"
3430,"mpsloans.com"
3444,"nationsfinancialcorp.com"
3525,"take-downlisawestmortgage.com"
3527,"txrate.com"
3529,"rudysmovement.com"
3531,"markrawls.com"
3533,"mvmthsv.com"
3534,"marzinkelendingteam.com"
3535,"reggielends.com"
3536,"_mortgagebrian.com"
3537,"jeffmossmortgages.commm"
3538,"247mortgageapplication.com"
3539,"matthewcaya.com"
3540,"heatheraucello.com"
3541,"financewithferguson.com"
3549,"thekimwintersteam.com"
3550,"applywithme.net"
3551,"loansbylifestyle.com"
3552,"financewithlauren.com"
3556,"jtmortgageguy.com"
3553,"thesandovallendingteam.com"
0,"_cherlemos.com"
3557,"pnwhomeloan.comm"
3564,"patrickbowler.com"
3566,"danielevansteam.com"
3565,"leslieoneallendingteam.com"
3567,"michaeldendy.com"
3568,"chadfleener.com"
3569,"ashevillehomeloans.biz"
3570,"loanofficer911.com"
3572,"mooresvillehomevalues.net"
3509,"familyhousemoney.com"
3264,"maverickinvestmentsllc.net"
3526,"__dempseymortgage.com"
3573,"teamwashingtonilm.com"
3574,"myfriendscallmedave.comm"
3575,"movewithjoe.org"
3577,"srqfitz.com"
3578,"thescmortgageguy.com"
3588,"whitakerteammortgage.com"
3590,"j-barnes-3590.leadpops.comm"
3591,"greenvillemortgagelender.com"
3592,"stevekyles.com"
3593,"mylendercarlos.com"
3595,"kimarivett.comm"
3596,"loansbyvicki.com"
3597,"mcnelismortgagelendingteam.com"
3598,"homeloansarasota.com"
3599,"ericmovementmortgage.comm"
3600,"mortgagequeenfl.com"
3612,"closewithcary.com"
3613,"homeloanswitherica.com"
3614,"mortgagelenderdelaware.com"
3615,"andrearoylance.com"
3616,"mortgagecolumbia.com"
3621,"ellenfrazier.com"
3624,"theresagarcia.com"
3626,"mylenderlauren.com"
3627,"__tammywilt.com"
3632,"homealoanvt.com"
3640,"loansbymb.com"
3633,"douglaslaneyteam.com"
3634,"closewithkim.com"
3635,"fundwithjoe.com"
3641,"annarevillamortgage.com"
3643,"idahohomemortgagesbytoniwood.com"
3644,"yourcarolinaslender.com"
3645,"closewithnate.com"
3647,"marcoturner.com"
3648,"mortgage-maine.com"
3650,"sharonrobinsonmortgage.com"
3494,"agentmarketingpodcast.com"
3653,"rigdonlendingteam.com"
3654,"yoursinginglender.com"
3659,"idahomortgagelender.com"
3558,"pameladewlendingteam.com"
3603,"mortgagesbyjosh.com"
3415,"mcallenmortgageteam.com"
3611,"weapprovenv.commm"
3602,"dreamhomefunder.com"
3510,"justincloses_old.com"
3670,"donnabohl.com"
3672,"loanofficermark.com"
3673,"yourvalleyhomeloan.com"
3682,"yournolalender.com"
3683,"benitadoesloans.com"
3684,"blainenewsome.com"
3685,"godfatherofmortgage.com"
3686,"jessicatallett.com"
3688,"fairwaymtgny.com"
3690,"davidleavittloans.com"
3691,"homeloanbasecamp.com"
3693,"loansbynicki.com"
3694,"easttnmortgages.com"
3697,"shawhomeloans.com"
3698,"jbryanpayne.com"
3699,"andrewbringsyouhome.com"
3735,"mortgagebert.com"
3737,"markfultonteam.com"
3738,"homeloaninfo.orgg"
3739,"adamwmoore.com"
3740,"mikesteeleloans.com"
3741,"susanheren.com"
3743,"shannonshirley.me"
3744,"lendingbyterry.com"
3745,"homeloansinsandiego.com"
3747,"mcnultymortgageteam.com"
3674,"taylorfinancialgroup.net"
3374,"htlwakeforest.com"
3803,"imaxmortgage.com"
3799,"c2canhelpu.com"
3800,"quickclosemortgage.us"
3779,"mmkevin.com"
3780,"loanapplyapprove.com"
3781,"teamrestrepo.com"
3782,"pete671hometeam.com"
3783,"alfredoarteaga.commm"
3784,"guitonhomelending.com"
3785,"mylenderpeyton.com"
3786,"sa-mortgage.com"
3787,"sloanmortgageteam.com"
3789,"aprilalford.com"
3756,"cornerstonerehl.info"
3823,"thegalindocantuteam.com"
3825,"jessethelender.com"
3829,"davehenryteam.com"
3830,"billkramen.com"
3700,"siouxfallsmortgage.loans"
3776,"seanantonius.com"
3832,"rshomeloans.com"
3852,"kellysantosmortgage.com"
3862,"johnwintershomeloans.com"
3863,"northfloridaloans.com"
3864,"dannyortegateam.com"
3889,"moyermortgage.comm"
3890,"johnbakermortgage.com"
3892,"mylendergary.com"
3893,"darbydreamhomes.com"
3894,"livlovesloans.com"
3711,"getmymortgageplan.com"
3895,"ratesbydan.com"
3912,"loansbygeoff.comm"
3913,"spacecoastlender.com"
3914,"realestateloanca.commm"
3927,"halfadimemortgageteam.com"
3928,"haasteamtye.com"
3929,"albertogamez.com"
3939,"renovationmovement.com"
3940,"bartrein.com"
3950,"nnvloans.comm"
3951,"themortgagestars.com"
3952,"gofloridamortgage.com"
3953,"kellywhitney.com"
3954,"jenniferroblee.com"
3955,"thebishopmortgageteam.com"
3956,"barrymoeller.com"
3967,"c2financialteam.com"
3969,"k-patterson-3969.leadpops.comm"
3970,"thelovellteam.com"
3971,"tonyamaysway.com"
3972,"heidigage.com"
3973,"loan_rangerslending_team.com"
3966,"FloridaMortgageTeam.com"
3981,"perkinshomeloans.com"
3982,"clarksvillemortgageloan.comm"
3983,"valenciamortgages.com"
3622,"itskimetime.com"
3995,"jerrylendsphilly.comm"
3996,"lindalendsphilly.commm"
3997,"tampamortgagecoach.com"
4001,"ilovetexashomeloans.comm"
4002,"kyloanofficer.com"
4011,"movewithruben.commm"
4012,"nancymartinezteam.com"
4014,"lendermanbrian.com"
4015,"amandapatterson.us"
3379,"oregonmortgagelending.com"
4028,"andrewtechanchuk.comm"
4029,"dianajohns.com"
4032,"keithfreelandmortgageteam.com"
4033,"chadkurtz.comm"
4035,"yourmst.com"
943,"forveterans.com"
4063,"richbcohen.com"
4064,"loansbyleah.com"
4010,"teamtammymortgageloans.com"
4023,"nestlend.com"
1328,"floridamb.com"
4065,"mortgageloanresource.com"
4066,"orangecountymortgageman.comm"
4067,"dollarleadclub.com"
4068,"davyandjon.com"
4077,"themortgagemark.com"
4078,"lukecarrender.com"
4079,"jamesmortgageguy.com"
4097,"wilcoxlendingteam.com"
4100,"k-metz-4100.leadpops.com-down"
4101,"homeloanswithstephanie.com"
4102,"toddmcdonald.me"
3867,"fundingunlimited.group"
3706,"dawnthelender.com"
4089,"directhl.com"
4113,"joegalvinbestmortgage.com"
4114,"m-flanagan-4114.leadpops.com"
4115,"financeyourhomes.com"
4118,"kennethziegler.com"
4119,"jessicayarborough.com"
4120,"mydreamhomerdu.comm"
4143,"fairway.loansbymichaelwalter.com"
4121,"d-gwin-4121.leadpops.comm"
4122,"simonsaysmortgage.com"
4151,"t-alvarezgarcia-4151.leadpops.commm"
4153,"mattkellymortgageteam.com"
4144,"c2iloan.com"
4166,"buyhomeswithholmes.comm"
4167,"farmerloanteam.com"
4173,"deckertlendingteam.com"
4175,"yourhomebuyersresource.com"
4180,"homepurchase4u.com"
4186,"fredwitteam.com"
4187,"ellensinkey.com"
4181,"galatishomeloans.com"
4051,"lendingwithkris.com"
4210,"thomersonlendingteams.com"
4212,"justinunderwoodteam.com"
4214,"fairway-haazim.comm"
4223,"mandiepallone.com"
4233,"fairwaystl.com"
4236,"homeloansbyteamelsby.com"
4237,"homebuyerexpressway.com"
3997,"__myhomeloanbyrobert.com"
4248,"loanofficerchris.com"
4249,"indianamortgageteam.com"
4255,"theresponsiblelender.com"
4258,"loan-lady.com"
4266,"nevinmortgageteamatfairway.com"
4268,"fairwayjoshvteam.com"
4267,"massmortgageguy.com"
4278,"homegrownlo.com.old"
4283,"thestevevallieteam.com"
4281,"loanofficerarmandoleon.com"
4285,"loansbydeborah.orgg"
4279,"fairloansbyjohn.com"
4288,"lindamckinleyteam.com"
4284,"loansthrugreg.com"
4290,"danielhumes.com"
4292,"movementmortgagewestcoast.com"
4291,"rachelgalaviz.commm"
4250,"mikespindler.com"
4296,"tanyafuqua.com"
4297,"maniconelendingteam.com"
4299,"homeloansbymarc.com"
4314,"m-rome-4314.leadpops.comm"
4316,"applywithrobertv.com"
4320,"guybenjamin.com"
4322,"condronapproves.com"
3760,"angelashomeloans.com"
2576,"parksidemtg.com"
4333,"bringingyouhomefaster.com"
4334,"lindseygoins.com"
4335,"closewithcastle.com"
4336,"yorkpamortgage.com"
4337,"kellyrogersteam.com"
4342,"movementsouthernarizona.com"
4343,"komortgageteam.com"
4287,"allcreditsmortgage.com"
4344,"jamellatfairway.com"
4345,"joelwallmortgage.com"
4346,"danameadows.com"
4362,"craigwintershomeloans.com"
4361,"staceybteam.com"
4366,"tamibillhomeloans.com"
4368,"myfairwaymortgageguy.com"
4363,"jerrywrightthelender.com"
4369,"joangegenheimer.com"
4370,"bethjeffreysfairway.com"
4371,"homeloansbyericka.com"
4375,"carlgarrett.net"
4376,"bravoloanpro.com"
4377,"_queenofmortgages.com"
4380,"teamarielhomeloans.com"
4382,"fairwaymortgagemaven.com"
4379,"azloans123.com"
4384,"californiamortgagemm.com"
4388,"maisongroupaz.com"
4389,"johnfinkmortgage.com"
4404,"theresultsteam.loan"
4387,"justincloses.comm"
4406,"devaneymortgage.com"
4407,"mnhomeloanpro.com"
4409,"fairloanpro.com"
4411,"movementcolorado.com"
4414,"townsendteamhomeloans.com"
4415,"fairwayidahomortgage.com"
4417,"jtloanpro.com"
4418,"myhomedreamcometrue.com"
4423,"takedown671hometeam.com"
4381,"pinnaclehomemortgages.com"
4426,"fairwayofbellevue.com"
4435,"dansloanapps.com"
4436,"fairwayofsouthernidaho.com"
4437,"mortgagewithmonica.com"
4440,"brittanystokes.com"
4444,"amyslotnick.com"
4441,"idahosbesthomeloans.com"
4448,"take-down_mortgagerateshawaii.com"
4451,"thepimleyteam.com"
4452,"yourmortgagequote.com"
4453,"homeloansbyrobert.comm"
4454,"theweeks.group"
4455,"roxannefloresmortgageteam.com"
4460,"blairthemortgageman.com"
4461,"mortgagesbyethan.com"
4462,"myway-loans.comm"
4465,"lorijasicki.com"
4468,"justinclarkmortgage.com"
4470,"craighomeloans.com"
4471,"juliepikeloans.com"
4473,"h-m-c.net"
4477,"malcolmmortgage.comm"
4479,"tyrochteam.com"
4480,"davidandteam.com"
4381,"phmlends.com"
4488,"edbutlerteam.com"
4491,"hoffmanlendingteam.com"
4494,"centralfloridalending.com"
4502,"mortgage2click.com"
4503,"garyjoneshomeloans.com"
4506,"convertiteam.com"
4507,"m-poland-4507.leadpops.commm"
4508,"nickcanhelp.com"
4509,"davilateam.com"
4519,"homeloanswithkimberly.com"
4521,"bluecollarmortgagebydavid.com"
4522,"larrymorrishomeloans.com"
4524,"carlselfcmps.com"
4527,"lendingwithrobert.com"
4528,"jarodwilliamson.com"
4538,"danventuralends.com"
4505,"martinrinonlender.com"
4544,"fhagurus.com"
4545,"closingwithkristin.com"
4549,"mortgagebri.com"
4553,"coloradopropertymortgage.com"
4554,"southmetromortgage.com"
4561,"theboersmateam.com"
4564,"bentonvilleopenhouse.com"
3357,"servicefirstmortgage.info"
4565,"socalmortgagepros.com"
3005,"smarthomelending.com"
4566,"loanrescueteam.com"
4574,"_homeloansbyjorge.com"
4533,"usamortgageteamlynch.com"
4616,"sarahmartinteam.com"
4617,"themossteam.com"
4618,"movementdsm.com"
4619,"devoncanhelpyou.com"
4639,"homeloanmc.com"
4664,"thequyhuynhteam.com"
2884,"homeloansfortexans.com"
3581,"__lukerosscomortgage.com"
4680,"chitwoodcloses.com"
4694,"thehildebrandteam.com"
4707,"brettcollinloans.com"
4727,"veteranloansmd.com"
4728,"megmclaughlin.com"
4734,"loansthrujess.com"
4744,"hinesmortgageteam.com"
4745,"strategicmtgaz.com"
4747,"justinbergenloans.com"
4748,"lesliefinanceshomes.comm"
1291,"prequalwithcam.com"
4755,"qualifyfirst.com"
4769,"homeloansbyallison.com"
4761,"swifthomemortgage.com"
3472,"loansmortgage.com"
4776,"themtgprofessor.com"
4778,"pre-approvemescott.com"
4779,"sherriedegnanhomeloans.com"
4780,"k-cingel-4780.eadpops.com"
4781,"azandcahomeloans.com"
4770,"best-homeloan.com"
4782,"simplequalify.com"
4784,"marcalmeida.com"
4787,"ctmortgageman.com"
3640,"dream2own.com"
4799,"justinkozera.com"
4808,"liggonmortgage.com"
4809,"ocmrates.com"
4815,"fairwayloansbyethan.com"
4827,"alfredoarteaga.com"
4814,"getnewloans.com"
4838,"getreverseclub.com"
4845,"Stephanietheblackswan.com"
4850,"mortgagemadeeasy.com"
4851,"floresteamonline.com"
4859,"mymortgagescenario.com"
4864,"paulcareaga.com"
4848,"tffbuckeyes.com"
4865,"lendingnc.com"
4892,"ninjalendingteam.com"
4895,"yourhometownmortgages.com"
4896,"603mortgages.com"
4897,"themauiloanofficer.com"
3610,"getahomemortgagenow.com"
4915,"obermeyerteam.com"
4811,"samuelmauldin.com"
4924,"myilhomeloan.com"
4923,"delmarvahomeloans.com"
4929,"hunterhomeloanteam.com"
3755,"easymortgage123.com"
4934,"thethomasmortgageteam.com"
4946,"mortgageswithmarylou.com"
4947,"fallonsmithmortgagelendingteam.com"
4948,"jeffreysuttonmortgage.com"
4693,"mortgagefinancecenter.com"
5006,"loansbytinashields.com"
5008,"team-tatum.com"
5012,"palermoloans.com"
5016,"chrismartinlendingteam.com"
5017,"loanspossible.com"
5022,"smartmortgageplanning.com"
5033,"approvedbycorey.com"
5043,"theginahowardteam.com"
5058,"arthurblachno.com"
5061,"socalhomelending.com"
5068,"homeloanswithbarb.com"
5038,"mortgagequoteflorida.com"
5069,"thenwmortgageguy.com"
4860,"arizonahomelending.com"
5070,"brianstonemortgage.com"
5081,"thanks2missy.com"
5085,"mortgageswithtodd.com"
4939,"integrityhl.com"
5105,"fairwaymikeg.com"
4813,"stresslessmortgage.net"
5112,"homeloansbypete.com"
5113,"amortgagewithjudy.com"
5120,"850mlo.com"
5122,"applywithdante.com"
5124,"approveyounow.comm"
5129,"bradyclosesloans.com"
4350,"loanhelp247.com"
5139,"trustourprocess.com"
5121,"applywithtina.com"
5145,"thekapoorteam.com"
5149,"coshomeloan.com"
5153,"georgecanhelpyou.com"
4193,"bayareamortgagegroup.com"
5162,"homefinancingbysam.com"
5172,"loansbytrev.com"
5179,"joyyourhome.com"
5189,"__homeloansbyrichrano.com"
5190,"azmortgageratestoday.com"
5191,"findyourdreamrate.com"
5192,"homebuyerboost.com"
4821,"approvedbykayla.com"
5214,"thelaflammegroup.com"
5215,"briandentonmortgage.com"
5217,"mynewmortgageloan.com"
4567,"worcesterpreapproval.com"
5222,"capecodloans.com"
5223,"missourimortgageinfo.com"
5231,"take-downthornloans.com"
5233,"arizonaloangal.com"
5234,"brianmooremortgage.com"
5235,"greggetzhomeloans.com"
5237,"lancethelender.com"
5239,"fairwayloansbyreynolds.com"
5242,"fairwayloansbyruth.com"
5243,"renovation-financing.com"
5253,"pacbaylending.us"
5258,"sharpeteammortgage.com"
5259,"theloanone.com"
5262,"fairwayfairfax.com"
5263,"mortgagecorral.com"
5260,"cghomeloanmn.com"
5264,"lendingfairway.com"
5267,"bruamortgage.com"
5265,"homeloanswithkimsmith.com"
5270,"homebuyinginfo.net"
5247,"texashomelending.com"
5245,"ctrlending.com"
5287,"raycampbellteam.com"
5288,"fairwaysouthcoast.com"
5290,"financingthecity.org"
5291,"deerobbmovement.com"
5294,"masonfowlermortgages.com"
5295,"scottietalaski.com"
4868,"thehochteam.com"
5297,"apexhm.com"
5299,"mich-mortgage.com"
5301,"brennerloans.com"
5304,"chapagroupmtg.com"
5306,"loansbykellij.com"
5323,"loantotucson.com"
5325,"thefairwayloan.com"
5328,"teamamic.com"
5329,"askrachelihowtobuyahome.com"
5330,"thecheynejonesteam.com"
5331,"homeloansforhomebuyers.com"
5334,"idaholoans4u.com"
5336,"homeloanslady.com"
5337,"jodicanhelpyou.com"
5338,"trentoncanhelpyou.com"
5339,"eastbayhomeloans.com"
5271,"yoursouthdakotamortgage.com"
5344,"jackhaworthmortgage.com"
5345,"lendingwithlogan.com"
5346,"loansbysam.me"
5348,"fairwaytriadmortgage.com"
5355,"fairwayfayettevillemortgage.com"
5356,"loansbydebbielogan.com"
5369,"fairwayloansbydee.com"
5374,"homeloansbysallyhaley.com"
5376,"bobcanhelpyou.com"
5349,"firstlendingonline.com"
5385,"andreakindleyatfairway.com"
5386,"firstandreverse.com"
5276,"melaniehennteam.app"
5393,"lakecameronteam.com"
5397,"welcomehomefromtasha.com"
5387,"southtxmortgage.com"
5343,"jcampbellpops.com"
5409,"closesofast.com"
5416,"smartmortgagesbylori.com"
5415,"pinkyshare.com"
5421,"fairwaykentuckiana.com"
5423,"chadkurtz.com"
5431,"craigtashjianloans.com"
5433,"johnanthonyloans.net"
5434,"homeloansbydennis.com"
5436,"ralphmortgageteam.com"
5440,"mortgagesbymallory.com"
5458,"remodelboston.design"
5462,"mrs.mortgage"
5463,"kevinengle.com"
5464,"hillcountrymortgages.com"
5469,"teamgreenhomeloans.com"
5470,"fastutahloan.com"
5472,"paulsmithhomeloans.com"
5473,"mikeonmortgages.net"
5475,"tomohearnhomeloans.com"
5477,"lpdemo-5477.com"
5478,"test-5478.com"
5476,"demo-5476.com"
5482,"beauknowshomeloans.com"
5484,"mortgageswithmarty.com"
5486,"foxvalleyfairwaymc.com"
5487,"fairwaycory.com"
5490,"fairwayexpressapplication.com"
5494,"__themortgageresearchcenter.com"
5495,"joemataloans.com"
5496,"thedocegroup.com"
5498,"deanonomortgage.com"
5332,"palmlending.info"
5521,"kightteam.com"
5523,"briancoutumortgage.com"
5525,"dfwmortgagehomeloans.com"
5528,"loansbyjoannap.com"
5309,"lakecountryteamfairway.net"
5555,"natepina.com"
5556,"dstuarthomeleads.com"
5577,"loansbyscottsmith.com"
5549,"thelandisteam.com"
5592,"stevecarlin.com"
5598,"tmrobinsonteam.com"
5613,"iapprovefl.com"
5610,"jackbellesmortgages.com"
5611,"evanlistermortgages.com"
5618,"mortgageloansinharfordco.com"
5624,"jonathandyet.com"
5625,"mortgagebrokermike.com"
5626,"amberjohnsonteam.com"
5538,"ebhomemortgage.com"
5557,"iliosmortgage.com"
5254,"homeloancenterpa.com"
5644,"mainemortgageguy.com"
5535,"teamquinney-homeloans.com"
5665,"_mortgagemastersca.com"
5666,"tosamortgage.com"
5672,"_anthonywhitten.com"
5674,"luschloans.com"
5677,"shelbycampbellmtg.com"
5704,"fairwaysouthwest.biz"
5718,"michaeljfacchini.com"
5154,"cmsmtgsolutions.com"
5732,"myillinoismortgage.com"
5733,"mortgagecolo.com"
5090,"va-loan-experts.com"
4991,"ochloans.com"
5745,"carrierezloans.com"
5753,"karidoesloans.com"
5708,"thecertifiedmortgageplanner.com"
5758,"massmortgagepro.com"
5761,"newmanhomeloans.com"
5777,"danlaltrella.com"
5778,"billyjarrell.com"
5781,"approveyounow.com"
5786,"jakedragoo.com"
5787,"santadanmortgage.com"
5775,"homeloanbytheresa.com"
5771,"centralpamortgageloanheroes.com"
5776,"rickwoodruff.com"
5800,"carol-potts.com"
5801,"micahdyson.com"
5802,"erikasdreamhomeloans.com"
5805,"teamfendig.com"
5811,"fairwaywinchester.com"
5813,"orangecountymortgageman.com"
5810,"renovation-loan.com"
5492,"needafhamortgage.com"
4998,"gulfstatesfinancial.net"
5767,"aspenhills-mtg.com"
5851,"spokanemortgagemary.com"
5853,"homeispossiblewithfairway.com"
5854,"financingthefairway.com"
5856,"socrateshomeloans.com"
5864,"__homeloansbylindsay.com"
5865,"delpretomortgage.com"
5867,"dongaymortgages.com"
5868,"homeloansbybeckyelder.com"
5869,"t-website-5869.leadpopss.com"
5873,"herbdevine.com"
5879,"kaitubberville.com"
3933,"socalpropertyloans.com"
5860,"feliciaowens.com"
5886,"myc2loan.com"
5890,"leahodom.com"
5891,"wjshomeloans.com"
5885,"avid-loans.com"
4877,"dianabuch.com"
5783,"amscolorado.org"
5913,"jboggsmortgageloans.com"
5914,"derekhuit.com"
5795,"easymortgageforme.com"
5798,"rallypointmortgage.com"
5920,"applywithjodie.com"
5922,"fairwaysouthpark.com"
5822,"rockwoodmortgage.com"
5927,"cityhomehunt.com"
5721,"gapitalmortgage.com"
5965,"midatlanticloanofficer.com"
5966,"cruizloans.com"
5880,"clintthompsonfairwaymortgage.com"
5988,"loansbydanielle.com"
5990,"malibumtgs.com"
5992,"ligiahomeloans.com"
5994,"leavegeorgealoan.com"
5930,"watersidehomemortgage.com"
5998,"madisonwisconsinhomeloans.com"
6000,"fairwayfrederick.com"
5976,"veteransnationalmortgage.com"
4861,"azmortgageexpert.biz"
6022,"veteranhome.loans"
6028,"harrisgrouphomeloans.com"
5971,"fairwayloanguide.com"
6025,"cherlemos.com"
6030,"conklinteammtg.com"
5803,"fidelgonzalezloans.com"
6050,"thejoshmottashedteam.com"
5602,"fairwayutjasondrobeck.com"
6053,"mortgagepromike.com"
6054,"loansbycathywarga.com"
5967,"joey.mortgage"
6024,"p-hadley-6024.leadpops.com"
6033,"jeffgay.com"
6083,"joshuadobsonteam.com"
6089,"jlhomeloans.com"
6093,"dalymortgage.com"
4949,"gdmmortgage.com"
5585,"justmyloan.com"
6045,"alliedmortgagergv.com"
6031,"_knoxvillemortgagebrokers.com"
6023,"dimension-mortgage.com"
6123,"teammdmortgage.com"
6070,"davenportc2.com"
6132,"roryfordteam.com"
6133,"theintegritymortgageteam.com"
6066,"mortgagesbykenny.com"
6135,"paulswainloans.com"
5064,"thehomeloanspecialist.net"
6147,"baileyfairway.com"
6011,"uffcmtg.com"
6157,"catalinafairway.com"
6162,"tomkresslerhomeloans.com"
6163,"kjgroupmortgages.com"
6164,"thethaoteam.com"
5788,"paulterwilliger.com"
6177,"applywithkarlton.com"
6190,"justindneal.com"
6184,"freedomlends.com"
6068,"localmortgagelady.com"
6201,"fairway4yourhomeloan.com"
6200,"cmartemortgage.com"
6205,"findamortgageboise.com"
6209,"fairwaynasa.com"
5354,"loantohometeam.com"
3518,"arielbaserio.com"
6169,"leonardmortgagegroup.com"
6229,"homeloansbyjorge.com"
6232,"dfwmortgagecoach.com"
6246,"loansbybeckyj.com"
6255,"nickmackmortgages.com"
6267,"hollygaal.com"
6244,"thelinsleyteam.com"
6074,"avidmortgages.com"
6260,"realworldlending.com"
6308,"getmyhomeloanapproved.com"
6311,"azwmtg.com"
6328,"teamtryloans.com"
6329,"bodieshepherd.com"
6335,"metrowestmortgage.com"
6303,"homeloans-withgreg.com"
6343,"scalemortgage.com"
6225,"lend4less.net"
6321,"nationwidemortgageconnect.com"
6358,"theriotmortgage.com"
6301,"crushitloans.com"
6369,"lasvegasmortgageonline.com"
6380,"_theschaffgroup.com"
6385,"nwmortgagegirl.com"
6210,"amylendsla.com"
3758,"bnpmortgage.com"
6395,"johannacaballero.com"
6397,"thatloangoddess.com"
6191,"premiermortgagefl.com"
6405,"fundingyourhome.com"
5866,"themortgageladyteamfairway.com"
6428,"_yourhomeloanspecialists.com"
6431,"cyounghomeloans.com"
5307,"paulhasna.com"
6435,"mortgagesbyrobert.com"
6409,"loansbymandi.com"
6445,"experiencefg.com"
6427,"casabellafinancial.com"
6422,"westridgefinancial.com"
6449,"jaz-6449-gman-final2.com"
6448,"chrisgeorgelendingteam.com"
6467,"loansbychadbratton.com"
4491,"closewithlorri.com"
6465,"illinoismortgageresourcecenter.com"
6480,"cabrillomortgage.com"
6486,"ezfundloan.com"
6490,"myloanclosers.com"
6462,"hawkmortgages.com"
6495,"ozziemortgage.com"
6503,"loansbylorraine.com"
5512,"lifetimelender.com"
6492,"fairwayfanatic.com"
6519,"mymortgagematchmaker.com"
6507,"liberty1funding.com"
6531,"_epochlending.com"
6546,"danwhiteloans.com"
6557,"homeloansbyerika.com"
6561,"kettel1.com"
6571,"fairwayofthetriangle.com"
6576,"mortgagerates.house"
6584,"wefundhomeloans.com"
6469,"mandymayloans.com"
6593,"louisvillemortgagelender.com"
2145,"getapprovedinc.com"
6601,"ericwhiteteam.com"
6581,"equitysmarthomeloans.com"
6610,"mooreteamfairway.com"
6588,"myelitefunding.com"
6619,"5starteam.com"
6624,"armstrongloans.com"
6632,"edwardsfremouwteam.com"
6640,"loansbyrod.com"
6625,"loanswmc.com"
5188,"mikepankey.com"
6648,"anneryoomortgage.com"
6608,"ascendhomeloan.com"
6172,"parksidehomelending.com"
6332,"floridalowestrates.com"
6664,"camloans.com"
6669,"homeloanswithang.com"
6643,"mydolfin.com"
6637,"mtgmatters.com"
5277,"getyourmortgagenow.com"
5317,"sidwellteam.com"
6678,"mattrobertshaw.com"
6679,"brucemortgageteam.com"
6666,"greytreemtg.com"
6501,"jcahillmortgage.com"
6682,"fairwayindependentmortgagepcola.com"
6689,"lynchburgloangal.com"
5396,"dianelestor.com"
6702,"lenderlyfinance.net"
6683,"homeloanbydave.com"
6714,"loansinpa.com"
6715,"instantcapital.com"
6716,"salutehomelending.com"
6712,"meg.mortgageunity.com"
6707,"mortgageunity.com"
6544,"tdrmortgage.com"
6710,"kim.mortgageunity.com"
6670,"wehavelowrates.com"
6691,"pathwaymortgagegroup.com"
5266,"wolfffinancial.com"
6667,"wemortgage.com"
6711,"david.mortgageunity.com"
6723,"themnmortgagemom.com"
6725,"region.mortgage"
6708,"mike.mortgageunity.com"
6727,"usveteranshomeloans.com"
6728,"carderteam.com"
6729,"noogamortgageoptions.com"
6595,"_thevegasmortgagedude.com"
6735,"homeloanswithtommy.com"
6737,"tomcaskey.com"
6740,"omni-ie.com"
6593,"millerloanteam.com"
6743,"paradisemb.com"
6755,"phillymb.com"
6722,"bluesandmortgage.com"
6752,"mtdiablolending.com"
6720,"CapitalBull.com"
6756,"berkshirecapital.com"
6705,"myepicloan.com"
6726,"summitmortgagepro.com"
6764,"ernestopadillaloans.com"
6744,"strattonmortgage.com"
6770,"journeymac.com"
6757,"getprequaledez.com"
6772,"joetheloanguy.com"
6754,"thesavageteam.com"
6774,"homelifelending.com"
6355,"encoremtg.com"
6784,"lalending.net"
6785,"mslending.net"
6787,"gtgfi.com"
6790,"_thesmithlendingteam.com"
1834,"mortgagepops.com"
6231,"foxmtg.com"
6800,"_mortgageconnect.us"
6805,"mortgagefirstcorp.com"
6809,"mortgagemancaban.com"
6816,"andytreno.com"
6817,"finnlend.com"
6822,"newmanmortgagegroup.com"
6826,"privateclientfunding.com"
6827,"debtdoesdeals.com"
6828,"prostarlending.com"
6697,"uimcorp.net"
6829,"loansfromshannon.com"
6769,"anytimemortgagellc.com"
6791,"snaphomeloans.com"
6833,"homeloansnoel.com"
6834,"kevinkallenbaugh.com"
6839,"litmortgage.com"
6842,"bestsuitedmortgage.com"
6775,"assuredfsc.com"
6844,"charleneharrell.com"
6848,"lunalending.net"
6845,"speedyapproval.com"
6694,"secured-rate.com"
6607,"mortgageguyokc.com"
6855,"fairwayncrenovationloans.com"
6860,"soloriomortgages.com"
6862,"yourlenderjake.com"
6865,"lendwithleverage.com"
6846,"premiermortgagegroupllc.com"
6489,"natejomaa.com"
6847,"lendingheights.com"
6868,"nationalmortgagehomeloans.com"
6879,"hhmlending.com"
6895,"loansbybrianc.com"
6897,"homeloansbyandrea.com"
6903,"tylerlending.com"
6864,"lendirect.com"
6905,"lakeconroehomeloans.com"
4770,"homeloanadvisorgroup.com"
6796,"kariandersonloans.com"
6913,"redxlending.com"
6916,"ryanbroughton.com"
6933,"chellseegould.com"
6934,"mikekpat.com"
6814,"coloradomortgageadvice.com"
6936,"guylends.com"
6938,"simplifyhomeloans.com"
6949,"helpmewithamortgage.com"
6918,"jacecatesmortgage.com"
6967,"wesaveloans.com"
6975,"jamesventuramortgageteam.com"
4674,"mortgages.primechoicefunding.com"
6977,"slrmortgage.com"
6979,"royalcapsolutions.com"
6984,"fairwaytino.com"
6987,"precisionmortgagect.com"
5412,"dmvhomesandloans.com"
6985,"annfrankfairway.com"
6990,"kristymtgpro.com"
6923,"fla-mtg.com"
7004,"aimmtg.com"
7007,"mortgagebysharon.com"
6633,"phxpreapproval.com"
7008,"loansbybrianf.com"
7009,"boyce-mortgage.com"
7011,"ryanplattner.com"
7012,"randyclosesloans.com"
7015,"sarahdwyerhomeloans.com"
7018,"mortgagesbyaldryn.com"
7021,"loansbybrad.com"
5960,"jarredaloans.com"
7025,"lundmortgage.com"
7026,"findinghome365.com"
7028,"mortgagebyhunter.com"
7029,"mortgagesbyscarlett.com"
7031,"fairwaymortgageboston.com"
5898,"jgmortgageconsulting.com"
7062,"nateradoush.com"
6437,"refinances.com"
7067,"newjerseymb.com"
6947,"amandaloans.com"
7077,"dougsfairwayloan4u.com"
7078,"rittermortgage.com"
7075,"dynamicmortgage.net"
7074,"lamarcmtg.com"
6410,"booneplagerhomeloans.com"
7087,"loanswithjen.com"
7088,"alexsmagala.com"
7089,"tarahwilson.com"
7090,"darrenmowry.com"
7091,"heidigossman.com"
7093,"turnerhomeloans.com"
7095,"devinehomeloans.com"
7096,"michellemagandaloans.com"
7097,"reynoldslendingteam.com"
5209,"timscurlock.com"
5676,"teampottermtg.com"
7098,"teriharper.com"
7099,"deanzacapital.com"
7105,"tannergarver.com"
5204,"jerrykolich.com"
7106,"titanhomeloansllc.com"
7109,"wedoloans.com"
7112,"scottkiesling.com"
7084,"goldenstatehls.com"
6993,"tkmortgage.com"
6739,"brooksmortgage.us"
7069,"antenuccimortgages.com"
7117,"oceansidelendingfl.com"
6994,"bettercalljudd.com"
7132,"loanswithlynn.com"
7136,"homeloanhotshot.com"
6332,"pmcnow.com"
7138,"hoxworthteam.com"
7141,"jackiealcock-mortgagespecialist.com"
6765,"nvmortgagepro.com"
2620,"thompsonwardteam.com"
7150,"bhloans.mortgage"
7155,"trustmortgageloans.com"
7038,"homeloansbyken.com"
7179,"markgehrt.com"
7180,"danethemortgageguy.com"
7184,"homeloanlady.com"
7139,"nolanpdavis.com"
7131,"shoppingmortgagerates.com"
7188,"themoodylo.com"
7104,"condemortgage.com"
7076,"a1mortgage.us"
7195,"mortgageguyri.com"
7070,"bleyermortgage.com"
7199,"alrodlending.com"
7200,"forwardmortgagegroup.com"
7206,"traditionsmg.com"
7207,"loansbyadi.com"
6883,"bdmtg.com"
7208,"anthonycanhelpyou.com"
7187,"loansbymichaelg.info"
7212,"loansolutionsnow.com"
7228,"dooleydoesloans.com"
5554,"loanswithgus.com"
7231,"nishasloans.com"
7232,"yourfriendlylender.com"
5899,"jasonstone-loans.com"
7226,"hightrustmortgage.com"
7055,"danielcruzmortgage.com"
7243,"kellydoesloans.com"
7257,"stroderhomeloans.com"
7260,"mortgagemcguire.com"
7198,"noclosingcost.house"
7263,"meyermortgages.com"
7264,"originatingthea.com"
6594,"guaranteemcs.com"
7284,"mottofinance.com"
7291,"kyletmorrissey.com"
7297,"empiremortgagecompany.com"
6920,"shoemakerloanteam.com"
7315,"mikemortgageguy.com"
7328,"mortgage-teacher.com"
7330,"tplhomebuyer.com"
7331,"theloanprosteam.com"
7335,"cmsmortgage.com"
7337,"sparkerhomeloans.com"
7339,"mikeaaron-mortgage.com"
6758,"matadorloans.com"
7344,"homeloansbyjsanto.com"
7345,"thatcherlending.com"
7209,"lawlessloans.com"
7320,"tayloredhomemortgages.com"
4020,"beelinemortgage.com"
7350,"emeraldcityhomeloans.com"
7349,"mile-highhomeloans.com"
7356,"APPROVEDBYMICHELLE.COM"
7358,"smartratemortgagebrokers.com"
6947,"shopmyratefl.com"
6947,"floridaloanrates.com"
6947,"mymortgagewallet.com"
6947,"floridabestrates.com"
6947,"paradisehomeloan.com"
2890,"realmortgageloans.com"
7362,"siouxfallshomemortgage.com"
7365,"diversifiedfunding.com"
7293,"tamezhomelending.com"
7373,"cleartoclosebrokers.com"
7185,"simplymortgage.us"
6499,"thesatregroup.com"
7389,"yourmortgageguyeric.com"
7390,"buywisemortgage.com"
7314,"jessquick.com"
3651,"jasonfarr.co"
7397,"cohomebuyersresource.com"
7394,"karbonfinancial.com"
7400,"leeschenkmortgage.com"
7407,"heromortgage.com"
7409,"vawholesalemtg.com"
7108,"sherryorange.com"
7404,"c2cmortgagemike.com"
7411,"craigjohnsonsupremelending.com"
7417,"campbellfinancial.com"
7413,"eaglemortgagetx.com"
7366,"lend18.com"
7424,"0pointlender.com"
7423,"mattthemortgageguy.com"
6350,"mylenderjeffrey.com"
7134,"loantrustmortgage.com"
3966,"jimsahnger.com"
6330,"kymortgagerates.com"
7435,"_equityhomemtg.com"
7437,"myranchocapital.com"
7439,"starlapham.com"
7440,"parishlending.com"
7441,"luke-tilly.com"
5550,"andyzemon.com"
7460,"toddluvisi.com"
7463,"investinyourself.loans"
7467,"ct-mortgage.com"
7471,"vestalending.com"
7473,"wisconsinmortgagegal.com"
7475,"residentlre.com"
7477,"expressmortgagecapital.com"
7380,"mypridelending.com"
7483,"homeloansbysonya.com"
7486,"godirectloans.us"
7488,"memsoftmoney.com"
7490,"homeloansineverett.com"
6642,"khmloans.com"
6502,"wilkesmortgagegroup.com"
4631,"forwardmtg.com"
7494,"sfghomeloans.com"
7288,"rickatranlife.com"
7502,"pcmbankers.com"
7504,"americasmortgagepros.com"
7506,"parryhemmeke.com"
7508,"x5homeloans.com"
7514,"griffin.mortgage"
7518,"detailedmortgage.com"
7452,"firstchoicelending.net"
7519,"mikemloans.com"
7520,"luperteammortgage.com"
7521,"TONYCARUSOTEAM.COM"
7528,"hgmortgagebroker.com"
7529,"mortgageinmaine.com"
7530,"emortgage.capital"
7531,"scout-lending.com"
7533,"simonsleoni.com"
7535,"bradydrummondryan.com"
1430,"stevenbrandhomeloans.com"
7507,"envisionhomeloans.com"
7548,"lockstepmortgage.com"
4318,"enotiva.com"
7549,"__durocherhomeloans.com"
7550,"bradyteamloan.com"
7559,"whizango.com"
7289,"nicktheloanguy.com"
7468,"suarezmortgage.com"
7569,"askmarktoday.com"
7570,"firstlookhomeloans.com"
7572,"norcalmortgagepros.com"
7573,"kellywilliamshomeloans.com"
7594,"thesingerteam.com"
7555,"findmyhomeinhawaii.com"
7595,"bamfloans.com"
7597,"mypcmortgage.com"
7579,"valormortgageaz.com"
7402,"__hollandlending.com"
7103,"fastmortgage.co"
7616,"culbertsonhomeloans.com"
7617,"sierrawholesalemortgage.com"
7618,"alturamortgage.com"
7622,"arnazfinancial.com"
7623,"honestmortgage.com"
7624,"knowblhomeloans.com"
7619,"imschico.com"
7635,"lucialendingteam.com"
7639,"joeteammortgage.com"
7640,"jeremiahvensel.com"
7641,"capitalfirstmtg.com"
7642,"jhhomeloans.com"
7643,"synergymortgagesolutions.net"
7646,"thenevelleteam.com"
6543,"zenithhomeloans.com"
7650,"loanmvp.com"
7655,"atlantichm.com"
7659,"nicoleferraramortgages.com"
7663,"mainemortgageexpert.com"
7665,"seanmcdonoughformortgages.com"
7669,"mainemortgage.com"
7631,"thewrightmortgageteam.com"
7672,"teamhadley.com"
7676,"unitedsolutionsmortgage.com"
7696,"truemortgagefl.com"
7554,"_forzacapitalfunding.com"
7697,"dreamhomeslending.com"
7285,"JJBotelho.com"
7699,"allrenoloans.com"
7574,"carolinasmortgages.com"
7493,"mclfunding.com"
7702,"m1mloanman.com"
7703,"damonburnsmortgage.com"
7737,"fixerupfunds.com"
7647,"homebuyerprosonline.com"
7480,"reliablemortgagebroker.com"
7753,"stevefergusonteam.com"
7757,"paradisehomemortgage.com"
7764,"homeloansbybrent.com"
7768,"mccallister.mortgage"
7580,"texaslendingpros.com"
7769,"southern-mortgage.com"
7770,"lauraleavy.com"
7771,"levittdoesloans.com"
7414,"unitedmortgageadvisors.com"
7779,"tffnorthscottsdale.com"
7302,"ontomortgage.com"
7782,"melissamichaelmortgage.com"
7784,"brittanyplends.com"
5896,"modernloans.com"
7788,"financingbymike.com"
7789,"myelitemtg.com"
7792,"laverniahomeloans.com"
7794,"mytampabaymortgage.com"
7795,"emerjfunding.com"
7797,"rich-parsons.com"
7321,"micahpetersonmortgage.com"
7085,"bradpiercy.com"
7809,"fairwaymortgagephilly.com"
7811,"mortgagewithmonty.com"
5279,"lendlevel.com"
7818,"STEVEMORTGAGELOANS.COM"
7803,"brianshomeloans.com"
7819,"brightsidelending.com"
7704,"gofirsthomebank.com"
7820,"thrivewithjohn.com"
7824,"ivanaragon.com"
7826,"medinateammortgage.com"
7830,"applywithmalcolm.com"
7834,"visiononelending.com"
7837,"advicehomeloans.com"
7840,"oakcapitalmortgage.com"
7841,"savvymortgage.com"
7844,"umavirginia.com"
7850,"geqfinance.com"
7847,"thecalpro.com"
7807,"thegeorgiamortgage.com"
7857,"ronfieldstearns.com"
6888,"ealending.com"
7861,"APPLYNOWWITHAMANDA.COM"
7779,"topflitefinancialnorthscottsdale.com"
7864,"mattbloans.com"
7868,"prelenders.com"
7867,"fairway4u.com"
7869,"mymortgagegalkim.com"
7806,"ariselending.com"
7870,"thrivemortgageman.com"
7848,"loansbylana.com"
7822,"shopbettermortgage.com"
7734,"ameriprolending.com"
7876,"nationalmortgagefunding.net"
7835,"axsmortgage.com"
6946,"wmrloans.com"
7881,"sensiblemortgagect.com"
7889,"edgehomefinance.com"
7894,"ginamontes.com"
7893,"mortgagewolfe.com"
7412,"lightpointmortgage.com"
6747,"sodakhomeloans.com"
7899,"fairwaysouth.com"
7909,"essexloans.co"
7910,"txmortgagedad.com"
7912,"cascadelendinggroup.com"
7874,"authenticpre.com"
7917,"gregtannermortgage.com"
7918,"infinitymortgagecompany.com"
7919,"goldenstatemortgagegroup.com"
7591,"bayareamortgagelenders.com"
7922,"michelemilota.com"
7923,"encoremortgageinc.com"
7926,"bold-funding.com"
7927,"soofianimortgage.com"
7877,"stitesteam.com"
7568,"123qual.com"
7928,"nfgcorp.com"
7934,"imagineloanfunding.com"
7590,"jerrythemortgageguy.com"
7940,"clevelandstreet.com"
7941,"itclixmobile.com"
6792,"nosofunding.com"
7399,"saltest2.com"
7957,"tressapope.com"
7964,"premierhomeloansco.com"
7225,"myhomeloanteam.com"
7967,"loanfunderpro.com"
7644,"mybetterrate.com"
7974,"closewithchriskarns.com"
7888,"loanswithgeo.com"
7632,"homeloansbylee.com"
7878,"missionhomepossible.co"
7981,"mymortgageflorida.com"
6417,"topchoice.mortgage"
7988,"loansbyhutch.com"
7989,"homeloansbyjesse.com"
7990,"rudycorona.com"
7992,"revivemortgage.com"
7994,"justinkautz.com"
7997,"bestsuitedrealty.com"
7587,"bluechiplending.com"
8001,"securitybancorp.com"
7815,"pelagicmortgage.com"
8002,"halvorsonmortgage.com"
7991,"teammusco.com"
8004,"mayfairmtg.com"
822,"c-wan-822.leadpops.com"
8012,"juanbarrazateam.com"
7760,"mmetx.com"
8013,"americandigitalmtg.com"
8007,"thesmithlendingteam.com"
8015,"homeloans-utah.com"
8017,"larrythelo.com"
1793,"alghomeloans.com"
6582,"themoneymarket.solutions"
8022,"tazawamortgage.com"
8005,"rickcostamortgage.com"
8010,"mortgageinfredericksburg.com"
8029,"trustedmortgageinc.com"
8031,"carefinancegroup.com"
8032,"nggnow.com"
8036,"okevenfinancial.com"
8039,"americanmortgage.biz"
8035,"hopmortgage.com"
7895,"marcia-murphy.com"
8047,"calshieldhomeloans.com"
8054,"statewideloan.com"
7977,"clarke-cap.com"
8018,"andrewprmg.com"
8062,"elementalmortgage.com"
8064,"csimortgagedesign.com"
7963,"teamcaspolelending.com"
7930,"spotonlending.com"
8066,"908mortgagelb.com"
8024,"buckshomeloans.com"
8070,"nlgloans.com"
8067,"yourcoloradomortgage.com"
7879,"mortgagebyalex.com"
8065,"aimfinancialsolutions.com"
8100,"alikhurrum.com"
8106,"chriscasiello.com"
8109,"renoloanswithdan.com"
8020,"_team-hagen.com"
8090,"galipeaumortgage.com"
8127,"schomelend.com"
8131,"ohanamortgage.com"
8132,"robertrigsbyloans.com"
8143,"homeloan-hookup.com"
8145,"olympushomeloans.com"
8094,"mysimpleloan.net"
8147,"dempseymortgage.com"
5175,"a-quinney-5175.leadpops.com"
8159,"teampopehomeloans.com"
8161,"carolinahomeloansllc.com"
8165,"madisonmortgage.com"
8167,"nextgenhome.loans"
8175,"thrivemcallen.com"
7387,"bfmortgages.com"
8178,"loansbyjb.com"
8180,"thecoloradomortgageexpert.com"
8091,"yourmortgagenavigator.com"
8182,"chesenmortgagegroup.com"
8183,"johnstanfieldmortgage.com"
7351,"hloanpro.com"
8162,"steveazarchmortgageguy.com"
8191,"mortgageguy.loans"
8192,"vmedinateam.com"
8194,"closingwithcraig.com"
8009,"zsmortgage.com"
7805,"mybetterrateco.com"
8179,"teamtorrijos.com"
8184,"tedbuchanan.com"
8203,"equityhomemtg.com"
8204,"teamjmo.com"
8197,"resourcerealty.com"
8157,"dinahhomeloans.com"
8211,"myplacemortgage.com"
8206,"indymortgagegroup.com"
8222,"bryansnyderloans.com"
8160,"mygotolender.com"
7998,"applywithstephanie.com"
8229,"mortgagepowers.com"
8230,"flonestopshop.com"
8231,"s1mtg.com"
8232,"empirehomeloansteamoc.com"
8226,"lealovesloans.com"
8177,"dustinatfairway.com"
8235,"thekineticteam.com"
8238,"onehomemortgage.com"
7959,"cleartoclosefinancial.com"
8239,"goldencoastfunding.com"
8244,"betterfairwayhomeloans.com"
8245,"ronniebramer.com"
8246,"loanswithladonna.com"
8247,"topgunhomeloans.com"
8253,"marriedwithamortgage.com"
7980,"geoffproctorteam.com"
8255,"mattcadymortgageteam.com"
8257,"amkhomeloans.com"
8250,"firsthomedon.com"
8258,"ruslankushnir.com"
8201,"midwestequitysc.com"
8252,"slmtg.org"
8259,"vtmortgageman.com"
8260,"coreyloanscalifornia.com"
5804,"lendplicityva.com"
8176,"chethearn.com"
8265,"coastalhomelender.com"
6849,"ownyourhomeco.com"
8277,"leafhomeloans.com"
8278,"mlhomelending.com"
8279,"yourpcm.com"
8316,"resicentral.com"
8311,"trishreedy.com"
8317,"thebrennanlendingteam.com"
8320,"davidwwood.com"
8307,"homeloanswithluis.com"
8321,"lancasterhomeloan.com"
8324,"goshelter.com"
8323,"351mortgage.com"
8326,"_njmortgageonline.com"
8304,"floridalocalmortgage.com"
8330,"themortgageconnoisseur.loans"
8331,"approvedmortgagefl.com"
8332,"kim-clancy.com"
8333,"mortgageguyjason.com"
8334,"poiemalending.com"
6582,"themoneymarket.us"
8274,"gentry.loans"
8280,"lendsocal.biz"
8341,"lendnorcal.com"
8342,"joeyallison.com"
8270,"mnloanpro.com"
8345,"homebuyerguru.com"
8352,"cbloans.com"
8355,"loanqualifi.com"
8354,"vertexrealestateloans.com"
8357,"davidgnadinger.com"
8225,"lombardilending.com"
8288,"coloradomortgagelender.co"
8340,"americaslocallender.com"
8374,"mortgagemastersca.com"
8381,"hollywagnersc.com"
8384,"anthonywhitten.com"
8351,"homeloanfundings.com"
8378,"tnwholesalemtg.com"
8377,"nestmade.com"
5335,"amac-mortgage.com"
8392,"davidblackmonmortgages.com"
8391,"firstcommercefinancial.com"
8393,"getmyhomeloan.net"
8394,"topvahomeloans.com"
8217,"gamechangersinre.com"
7763,"loansbylaurel.com"
8402,"avlmortgage.com"
8401,"romerolendinggroup.com"
8398,"mynestmortgage.com"
8404,"richtermortgage.com"
8405,"seattlemortgageprofessor.com"
8406,"azmortgagegroup.com"
8397,"mybetterratemi.com"
8399,"livermoremortgage.com"
8412,"julenestewart.com"
8414,"joethemortgagegiant.com"
8413,"smcinc500.com"
8418,"lightmortgageco.com"
8419,"avantfinancialgrp.com"
7582,"nextstephomeloans.com"
8421,"kayefinancial.com"
5883,"_indianafairway.com"
8422,"craigbarberteam.com"
8423,"timschnautz.com"
8426,"fairwayturnkey.com"
8429,"williamsargent.loans"
8431,"ezhawaiihomeloan.com"
7751,"centralvalley.mortgage"
8442,"thevegasmortgagedude.com"
8449,"arcehomeloans.com"
8440,"comortgageman.com"
7442,"tomthebroker.com"
8453,"sc-loans.com"
8455,"ilendingmortgage.com"
8456,"bzloans.com"
8227,"milestonemortgagesolutions.com"
8415,"scotthaslam.com"
8416,"mtgmartin.com"
7415,"iknowswaze.com"
8461,"andocapital.us"
8462,"peninsulamortgagerooms.com"
8466,"wmsource.com"
8473,"devyndoesmortgages.com"
8471,"gbmortgagegroup.com"
8474,"onthemarkloans.com"
8475,"unitedlending.mortgage"
8476,"rdtmortgage.com"
8437,"familymortgageandrefinance.com"
7778,"coloradomortgagehouse.com"
8483,"loansbycarl.com"
8482,"ccm.loans"
8487,"mortgageinhouse.com"
8488,"homeloansbyangiep.com"
8489,"brightsidehomeloans.com"
8491,"knoxvillemortgagebrokers.com"
8494,"ceolender.com"
8499,"lhmtg.com"
8503,"legendaryhhl.com"
8502,"_californiamilitaryloans.com"
8504,"california-homeloans.com"
7547,"spencerphomes.com"
8500,"prflending.com"
8486,"xlinkinsurance.com"
8505,"lanelendinginc.com"
8469,"frattalonemortgage.com"
8507,"dupontlending.com"
8508,"renaissanceloans.com"
8511,"lendidloans.com"
8512,"lillyloanofficer.com"
8515,"iloanspro.com"
8514,"cmlmortgage.com"
8516,"bengelhomeloans.com"
8517,"rosieforloans.com"
8037,"mysunmortgage.com"
8520,"jamesacabral.com"
8521,"haydenhomemortgage.com"
8523,"gotodan.com"
8525,"myfloridamortgages.com"
8519,"vcmlo.com"
8526,"mortgagelendingnow.com"
8550,"jlmortgagegroup.com"
8551,"enterprise-lending.com"
8553,"lyonlending.com"
8557,"mrgmortgage.com"
8554,"letsmortgage.com"
8566,"ratebeatmortgage.com"
8567,"easystreetnexa.com"
8569,"wearecleartoclose.com"
8555,"joshuahardwick.com"
8530,"thefirstlending.com"
8457,"nextgenresidential.com"
8467,"talktokelvin.com"
8584,"vantagepointresidential.com"
8510,"laloanstar.com"
8586,"breabroker.com"
8594,"clarencefergusonhomes.com"
8608,"texasbestlender.com"
8609,"desertstatemortgage.com"
8621,"cmmortgageservices.com"
8627,"ryankennefick.com"
8628,"donaldweichelmlo.com"
8531,"ersmortgage.biz"
8630,"heroesandhome.com"
8631,"dustinmcintosh.com"
8632,"californiamilitaryloans.com"
8633,"islandhomemortgagellc.com"
8637,"utahbestmortgage.com"
8522,"metrodetroitloans.com"
5688,"derekgoulette.com"
8643,"loanfimortgage.com"
8645,"parcaut.com"
8647,"flhomefinders.net"
7296,"themortgagegrandfather.com"
8649,"coloradostatemortgage.com"
8655,"unitedmortgageloans.com"
8657,"smithmortgagegroup.com"
8658,"surfsidemortgageinc.com"
8371,"goezloan.com"
8650,"provisorinc.com"
8663,"reveremortgageca.com"
8666,"josephslee.com"
8665,"uthomeloan.com"
8076,"saltest.com"
8656,"lewandowskiloans.com"
8667,"stephaniebennettrealtor.com"
8651,"lvmortgagebroker.com"
8687,"mortgagemls.net"
8673,"multihomeloans.com"
8700,"nwhomeloanarranger.com"
8701,"loanswithmegan.com"
8702,"loanwithrebecca.com"
8703,"peggyshomeloans.com"
8704,"loansbychrisknox.com"
8705,"team1mortgage.com"
5561,"scottfisherhomeloans.com"
6455,"applyflorida.com"
7309,"mylendingpro.com"
8707,"wmsreno.com"
8708,"sygmamortgage.com"
8709,"united1mortgage.com"
8085,"ktgootee.com"
8710,"mymortgagepros.org"
8711,"mikeleenhomeloans.com"
8712,"loansbyamberjones.com"
7669,"acadialending.com"
8716,"farleylendingteam.com"
8717,"yourapplicationonline.com"
8718,"homeloansbystaceyu.com"
8721,"yourfairwaymortgage.com"
8723,"inmortgageco.com"
8731,"blueatlanticmortgage.com"
8733,"buckhomeloans.com"
8735,"nylaloans.com"
8738,"entrustproteam.com"
8753,"louisianahomelending.com"
8758,"veteran-home-loan-benefits.com"
8759,"evansfinancialnetwork.com"
8761,"hutchisonmortgage.com"
5978,"nelsonhjaramillo.com"
6965,"flbestrate.com"
5628,"imslending.com"
8765,"breezymortgage.com"
5937,"stephenozunamortgages.com"
8766,"c2financialcorp.co"
8533,"lakewaylending.com"
8767,"firstcapmtg.net"
8346,"grandlendinggroup.com"
8768,"c2financial4homeloans.com"
8772,"coastalcommunityfinance.com"
8773,"clearviewlending.com"
8737,"tooelemortgage.com"
8771,"equitysourcecorp.com"
8776,"yourmortgagemvp.com"
8777,"tradmor.com"
8787,"nancyhurd.com"
5268,"collinsloanteam.com"
8790,"mattatfairway.com"
8804,"equifirstlending.com"
8808,"rachelshomeloans.com"
8798,"lendingbymichelle.com"
8478,"denver-lending.com"
8813,"applyfairway.com"
8814,"soflhomeloans.com"
8815,"myhomerooster.com"
8817,"maxwellfairwayhomeloan.com"
8818,"amberdockenfairway.com"
8824,"yourlendermike.com"
8827,"millerhomeloans.com"
8837,"obmortgage.com"
1598,"primemortgage.biz"
8661,"mortgagequalifier.org"
8845,"mortgagepowerinc.com"
8846,"loanzilla.com"
8849,"txmortgageman.com"
8850,"destinymortgagelending.com"
8852,"avantcapitalcorp.com"
8854,"freemortgageupdate.com"
8855,"omargrealtor.com"
8699,"askrob.mortgage"
8862,"homeloanapprovalcenter.com"
8493,"bluearrowteam.com"
8769,"rjm-mortgages.com"
8866,"helserhomeloans.com"
8867,"loanswithmje.com"
8868,"midtownhomeloans.com"
7648,"vibrantmortgagegroup.com"
8873,"azmortgagespecialist.com"
7855,"kennyh.com"
8879,"regalequitysource.com"
8549,"loanmortgagewizard.com"
6407,"bayou-mortgage.com"
8896,"venturehome.loans"
8903,"danerm.com"
8904,"americasfittesthomeloans.com"
5532,"mandi-atkins.com"
8905,"elitelendingg.com"
8906,"homeloanmaven.com"
8908,"heatheridehomes.com"
1889,"lowratesfastclosings.com"
8915,"theballyteam.com"
8917,"wpfloans.com"
8921,"bestmortgagefl.com"
8925,"navigatormortgagebrokers.com"
8932,"loanswithjayh.com"
8933,"hchomeloans.com"
8944,"bktailored.com"
8961,"therateupdate.com"
8960,"ruthmunger.com"
8982,"homeloansformichigan.com"
8983,"footprintmortgage.com"
8893,"mtg-navigators.com"
8990,"smartermortgagelending.com"
8996,"andreaclosesloans.com"
8997,"applywithsully.com"
8998,"samernasef.com"
8999,"barcodefinancial.com"
9000,"mortgageloanswithtim.com"
8980,"dailyhomeloan.com"
9006,"premiermortgage365.com"
8448,"homeloansbynicolebenson.com"
9009,"brightfinancial365.com"
9012,"parkwayfinancial.com"
9013,"hifiloan.com"
9017,"1stclasslending.com"
9020,"morlending.com"
9022,"allthebestmortgage.com"
9011,"homeswithkameron.com"
9023,"findmyheartahome.com"
9024,"johnwadeloans.com"
9028,"capitalhomepartners.com"
9029,"loansbytomsimmons.com"
9030,"abhomelending.com"
7687,"sandiegorealtyandmortgages.com"
9035,"discovermurrietahomes.com"
9036,"homeloanswithdiana.com"
9045,"vadersmortgageteam.com"
9049,"iversonhomeloans.com"
9053,"nickisoareshometownlenders.com"
9054,"veritasfg.com"
9055,"truepointlending.com"
9059,"fpcloans.com"
9052,"palominolending.com"
9061,"fredhomeloans.com"
9046,"markdeaconhomeloans.com"
9062,"azulow.com"
1683,"gmbrokerage.com"
9050,"bendoverbackwardbroker.com"
9044,"joannehudsonmlo.com"
8991,"equipmortgage.com"
9072,"baselinemortgage.com"
8888,"onboard1mortgagefl.com"
4109,"eliteluxuryloans.com"
9085,"directmb.com"
9090,"scottlendingteam.com"
9091,"excel.mortgage"
9083,"seanmarvich.com"
9087,"oneilmortgagegroup.com"
9092,"anytimeadam.com"
9094,"lucasmortgages.com"
9101,"dunmireteam.com"
9102,"aplusfunding.com"
9104,"michaelsloans.com"
9105,"lewishomes.co"
9107,"thehomeloancompany.com"
9106,"househuntermortgagelending.com"
9108,"toplendingteam.com"
9074,"myhomeloanstore-jessecarter.com"
9118,"custommortgageloan.com"
9122,"elitewholesalemortgage.com"
9123,"boomerequity.net"
9114,"virginiahallmortgages.com"
9124,"summitlr.com"
9125,"tiffanihomeloans.com"
7115,"robertjimenezteam.com"
9127,"bethanysbestmortgage.com"
9128,"avenue1cap.com"
9131,"onepointmortgage.com"
9133,"lakewestmortgage.com"
9134,"danageorgehomeloans.com"
9135,"easymortgagecalifornia.com"
9138,"omnifundsd.com"
9139,"bravemortgage.com"
9137,"loanswithlane.com"
9141,"kylenmccrayloans.com"
5432,"equitycapitalhomeloans.com"
9142,"lvloans.com"
9145,"mlsmoney.com"
9149,"cesargastiaburumortgage.com"
9117,"raycombs.com"
8929,"getloanbuyhome.com"
3131,"consultationmortgages.com"
9160,"reliancem.com"
9161,"yourmortgageqb.com"
9163,"americanonlinemortgage.com"
9164,"myutahhomeloan.com"
9166,"connerycapital.com"
9168,"keithfriersonmortgage.com"
9084,"5gmortgage.com"
9172,"originalmortgage.com"
9174,"rafilopez.com"
9176,"swmhomeloans.com"
9187,"itsjakenotwithstatefarm.com"
9066,"riverviewmortgagefl.com"
9194,"queenofmortgages.com"
9196,"quickandeasymortgage.com"
9198,"affordablehomeloans4u.com"
9200,"nocolender.com"
9197,"bydand.com"
9203,"myloanmyhome.com"
9204,"seeknsellflorida.com"
9211,"anthonyviso.com"
9212,"sourceonefinancial.com"
9214,"lending4living.com"
9184,"unitedrem.com"
9199,"mtglendingpro.com"
9222,"theusdachoice.com"
9224,"socalrepros.com"
9226,"mitchellmortgagepro.com"
9227,"wegetloansapproved.com"
9228,"quickquotemortgage.net"
9229,"texasmortgagesource.com"
9230,"formymortgage.com"
9234,"joethemlo.com"
9238,"homefreemortgage.com"
9239,"jessicaringmortgage.com"
9240,"velocitymortgageco.com"
9241,"best-equity.com"
9242,"mortgagemikeinthedale.com"
9243,"team-hagen.com"
9246,"thecantumortgageteam.com"
9247,"choosemyrate.com"
9250,"homesandloansinutah.com"
9251,"fairfieldnjmortgage.com"
9254,"keys2mycastle.com"
9256,"eastatlantalender.com"
8481,"apply.theemcgroup.com"
9260,"teambeatty.com"
9261,"thelendinghero.com"
9263,"cherbeal.com"
9266,"terrywilliams.com"
9271,"loanswithluispacori.com"
9221,"bayareabesthomeloans.com"
9248,"loansbytrey.com"
9272,"elomortgage.com"
9273,"pbclending.com"
9275,"norcalfinancing.com"
9279,"vikenarmand.com"
9280,"transformationhomeloans.com"
8565,"cmbmortgageservices.com"
9283,"c2everett.com"
9252,"cheerlending.com"
9292,"grantshomeloans.com"
9293,"theschaffgroup.com"
9298,"mccormickhomeloans.com"
9299,"jpmortgagemi.com"
9302,"yorkloan.com"
9306,"elitemortgagegroupllc.com"
9309,"nealsmithhomeloans.com"
9316,"landmarkcapitalmortgage.com"
9317,"brightonpeakfinancial.com"
9253,"loan-experts.com"
9318,"jeffvannostran.org"
9319,"acelendinggroup.com"
9320,"kathylambhomeloans.com"
9321,"robertsloanbiz.com"
9324,"mortgagex-change.com"
9325,"amberphillipshomeloans.com"
9326,"homefinanceresource.com"
9327,"bwatkinsmtg.com"
9330,"nexamortgage.com"
9331,"reidhomeloanteam.com"
9335,"jelksmba.com"
9339,"wivipmortgage.com"
9342,"integrityhomeloansinc.com"
6609,"expressfinancialservicesgroup.com"
9373,"uwfunding.net"
9375,"brycehomeloans.com"
9378,"warrenarmstrongmortgages.com"
9377,"axenmortgage.com"
9336,"evolvedmortgage.com"
9379,"loansbyjohnvannoller.com"
9383,"wesknowsloans.com"
9400,"globalpointlending.com"
9405,"mortgagegaines.com"
9406,"homeloanswithjodie.com"
9427,"yourfinancenerd.com"
9441,"expertmortgagefinancing.com"
9407,"ccmortgagebrokers.com"
9291,"bestcamortgages.com"
9404,"lendv.com"
9448,"educatedinvestorsfinance.com"
9456,"texasmortgagebroker.biz"
9446,"theflybroker.com"
9461,"lowestfloridamortgagerates.com"
9474,"realestateloanca.com"
9475,"valliwilliams.com"
9476,"byronteammortgages.com"
9457,"nationwidelending.us"
3493,"yourphoenixmortgageguy.com"
9413,"propermortgagegroup.com"
9462,"mortgagemofo.com"
9467,"parkerhomeloans.com"
9450,"sanantoniohomeloans.net"
9490,"mortgagesbyladdgraham.com"
9491,"michaelyue.net"
9469,"reesesquaredmortgage.com"
9480,"mortgagewithme.com"
9484,"dollarlead.club"
9501,"fha-va-203kmortgage.com"
9458,"knoxloanteam.com"
9482,"creshome.com"
9402,"newmissionmortgage.com"
9494,"10xmortgage.com"
9514,"va-mortgage-experts.com"
9525,"winningwithwade.com"
9488,"tpamortgage.com"
9515,"solvelending.com"
9516,"lindseymartinhomeloans.com"
9510,"mortgageswitheric.com"
9483,"hensonmortgage.com"
9538,"mcteamloans.com"
9527,"loancom.mortgage"
9473,"coletaylorloans.com"
9544,"oakmontlending.com"
9485,"veramortgage.com"
9434,"iezmortgage.com"
9548,"jreynoldshomeloans.com"
9489,"sergiofundrite.com"
9435,"mtgscope.com"
5458,"remodeltennessee.com"
5458,"remodelchattanooga.design"
5458,"remodelknoxville.design"
5458,"remodelmemphis.design"
9451,"fieldstone1stmortgage.com"
9481,"virginiabeachlendingteam.com"
9554,"btmortgageloans.com"
9496,"turntimemortgage.com"
9560,"dbhhomeloans.com"
9519,"myhalomortgage.com"
9530,"geminifinancialinc.com"
9553,"ozarksgerryphillips.com"
9449,"lirahomeloans.com"
9567,"vettednotes.com"
9559,"shelleyshomeloans.com"
9581,"keyonefinancial.com"
9566,"dansresidentialloans.com"
9573,"loanbyusha.com"
9593,"simplifilending.com"
9571,"directchoicelending.com"
5957,"robcusanomortgages.com"
9539,"harborsidehl.com"
9589,"countrysidehl.com"
9595,"kampsmortgage.com"
9612,"tanjtheloanlady.com"
9058,"saulremaxtopproducers.com"
9615,"epochlending.com"
5244,"waltshomeloans.com"
9611,"asset-lendingtx.com"
9575,"applywithap.com"
9598,"michaelfagone.com"
9621,"mvp.finance"
9619,"sahomelender.com"
9617,"alliancelend.com"
9568,"futurespacecoast.com"
9631,"arch-lending.com"
9602,"mr.mortgage"
9634,"goldfinservices.com"
7823,"ryanmier.loans"
8792,"simplyhomebuying.com"
9620,"lenfs.com"
9641,"ktaylorloans.com"
9647,"familyhomelending.app"
9662,"1003originator.com"
9468,"1stmortgagesolution.com"
9655,"dallasheidt.com"
9661,"aeosfinancial.com"
9646,"oakland-mortgage.com"
9673,"heroesandhomesteam.com"
9667,"e5homeloans.com"
9675,"schwarzhomeloans.com"
9569,"dmwhomeloans.com"
9470,"kamfinancialanaheimhills.com"
9694,"ericpaynehomeloans.com"
9665,"lendmatt.com"
9682,"ileanegaxiola.com"
9643,"priceteamlending.com"
9693,"therighthomemortgage.com"
9601,"patrickjoshea.com"
9707,"rateleaf.com"
9704,"homeloansbyadriana.org"
9679,"mortgagewithandrew.com"
9684,"homemortgagebybecky.com"
7347,"keithloansfairway.com"
9705,"younitedmortgages.com"
9717,"mainepointelending.com"
8805,"exceedhomeloans.com"
9676,"kellymortgagebroker.com"
9678,"treasurevalleymortgage.com"
9723,"cynethcook.com"
9718,"hatfieldmortgage.com"
9710,"clarkstonmortgage.com"
9721,"dewittthefairway.com"
9656,"themescherteam.com"
9703,"cpfloans.com"
9724,"homeloansbydarryl.com"
1434,"acreloans.com"
9688,"aribanegas.com"
9737,"mylenderworks.com"
9689,"francescosloans.com"
4632,"wesgregg.com"
9731,"aps-mortgage.com"
9727,"lendingdoneright.com"
9739,"2020mortgagesolutions.com"
9752,"holly-hayes.com"
9674,"mattsvip.com"
9746,"happycalifornialending.com"
9452,"davidbrewingtonhomeloans.com"
6590,"fairwayhouston.com"
9750,"yourmortgageteacher.com"
9751,"cnaequitygroup.com"
9759,"amietrautman.com"
9763,"greenrivermortgage.com"
9762,"toploanfundings.com"
9781,"forzacapitalfunding.com"
9526,"yanishomeloan.com"
9782,"therielestateteam.com"
9792,"erika-maldonado.com"
9777,"mortgagebrewer.com"
9786,"miamihomesandloans.com"
9767,"trinhmortgages.com"
9780,"ramigirgismortgage.com"
9772,"calebybeemortgageteam.com"
9771,"myhomeloan.org"
9775,"topofmindlendinggroup.com"
9776,"jillcastlemortgages.com"
9735,"magnolialoans.biz"
9747,"lonestarwidecapital.com"
9811,"loangenius.us"
9814,"morefuninthesun.net"
9753,"stevebourelle.com"
9783,"keyshomeloansllc.com"
6500,"santaluciateam.com"
9825,"shawnlundmortgage4u.com"
9827,"mortgageswithphil.com"
9793,"afsmortgages.com"
9774,"priority-mortgage.com"
9831,"realestateloansdirect.com"
9664,"readytolend.com"
9833,"philipwheelermortgages.com"
9680,"1stcallmtg.com"
9818,"treasurecoastlenders.com"
9804,"ezmortgagesnow.com"
9805,"johnfpalke.com"
9722,"mypmgloan.com"
9835,"fairwaymortgagecharleston.com"
9839,"loansbypogue.com"
9840,"nicksnwhomeloans.com"
9823,"rorygleesonlending.com"
9842,"mattpersonloans.com"
9796,"lamortgagebanker.com"
9787,"zackthelender.com"
9864,"annekingrealtor.com"
9872,"rdtrealtygroup.com"
9874,"jonwoelflehomeloans.com"
9843,"aaroneversmeyerloans.com"
9868,"andrewsfloridahomeloans.com"
6745,"elementarylending.com"
9855,"mongillomortgages.com"
9859,"orozcolendingteam.com"
9766,"suggshomeloans.com"
9862,"zacharywilsonar.com"
9529,"homepointlending.com"
9861,"netcorelending.com"
9854,"jsullivanhomeloans.com"
9857,"homekeymc.com"
9894,"njmortgageonline.com"
9671,"jameshomeloan.com"
9863,"mortgagecore.com"
9903,"mountainsmortgage.com"
9785,"copperstatehomeloans.com"
7754,"precisionhomelending.com"
9625,"houstonmortgageloans.com"
9900,"yvetteloans.com"
9852,"indymortgagegals.com"
9897,"imortgagepayment.com"
9925,"hunterhomeloans.com"
9586,"mortgagetime.co"
9918,"theescobedoteam.com"
9895,"aspenmortgagecolorado.com"
9817,"brianemersonloans.com"
9934,"snohomish-mortgage.com"
9907,"timhumphrey.mortgage"
9896,"ushometownmortgage.com"
9878,"irmahomeloans.com"
9905,"bruceclinemortgage.com"
9927,"mayercapitalinc.com"
9898,"aladamejr.com"
9917,"nexalendingteam.com"
9877,"turlocklender.com"
9936,"afifinancial.com"
9888,"abundance99loans.com"
9848,"grayhomeloans.com"
9930,"nstarhomeloans.com"
9893,"prospecthomefinance.com"
9972,"clarksvillemortgage.com"
9956,"mark-g-nova.com"
9954,"clint-h-nova.com"
9952,"christina-porter-nova.com"
9955,"switch-to-mitch-nova.com"
9953,"matthew-lucas-nova.com"
9951,"brian-ford-nova.com"
9950,"michael-radcliffe-nova.com"
9946,"brazznova.com"
9942,"clearmortgageflorida.com"
9947,"john-kean-nova.com"
9967,"arnaizmortgage.com"
9960,"lifestylelendinginc.com"
9973,"teammarstonhomeloans.com"
9991,"mikeoengland.com"
9949,"jared-thom-nova.com"
9948,"tyler-b-nova.com"
9992,"mercadohomeloans.com"
9891,"homeloansbymia.com"
9585,"myhomesimple.net"
9945,"barnhart-cooper-team-nova.com"
9995,"richardblairmortgageteam.com"
9996,"ow-team-nova.com"
9830,"pnwfairway.com"
4543,"pacapitalmortgage.com"
9976,"pnwmortgageloans.com"
9971,"thehomeloandoctors.com"
10005,"sbsmortgage.com"
10006,"celitoscano.com"
10008,"solidpropertymortgage.com"
9962,"myezbroker.com"
9978,"scottharveymortgage.com"
10015,"prequalapp.com"
10016,"premierfamilymortgage.com"
9944,"gh-team-nova.com"
10038,"rayenriquezrealestate.com"
9912,"fundedbycris.com"
10007,"brucecfike.com"
9931,"asap-funding.com"
10023,"mortgageknowitall.com"
10040,"closewithwill.com"
10020,"newpointlending.com"
10043,"andynolte.com"
10046,"equityrelease.care"
10014,"cmgfirst.com"
10030,"thornapplemortgage.com"
10057,"yourlocal.mortgage"
10027,"15daystoclose.com"
10035,"matchthathome.com"
10061,"carneylending.com"
8092,"indymtg.com"
10050,"8646710000.com"
10060,"rapidhomefinance.com"
9987,"sdmortgageman.com"
10072,"teallhaycock.com"
10073,"thelendingxperts.com"
10056,"romejjohnson.com"
10102,"cwilliamshomeloans.com"
7059,"goldwaterhomeloans.com"
10081,"socalzone.com"
10083,"mortgageinparadise.com"
6780,"coreyclarkmortgages.com"
10053,"zackseidman.com"
10093,"mikedallashomeloans.com"
10105,"loancaptain.co"
10129,"leavittloans.com"
10089,"nickelloans.com"
10121,"lowermyrate.mortgage"
10096,"fairwayreverseaz.com"
10172,"asktheloandude.com"
10091,"homeloansbyjimmy.com"
10094,"shanegowitt.com"
10090,"angelaberculoans.com"
10092,"jimanstett.com"
10112,"bradentonmortgagepro.com"
10010,"tmademortgage.com"
10114,"loanwithlaura.com"
10175,"jwhomemortgage.com"
10122,"zachtaylormortgagepro.com"
10163,"mortgagecraftsman.com"
10199,"aaronflowersfimc.com"
10201,"thefundingfountain.com"
10176,"caitlinchen.com"
5518,"sheetshomeloans.com"
10238,"murrellsinletmortgage.com"
10088,"suzettefahey.com"
10190,"bcruzloans.com"
10126,"5280lender.com"
10161,"homeloansbyaddie.com"
10116,"johnhansenhomeloans.com"
10115,"financingbybri.com"
10203,"mylenderjuliabell.com"
10188,"loanswitharia.com"
10249,"ethixrealestate.com"
10186,"burxnorrod.com"
10149,"youradvantagehl.com"
10070,"ryanparkerteam.com"
10258,"evolutionhomemortgage.com"
10259,"chrisantrim.com"
10279,"utahloanpros.com"
10202,"mortgagesbygarrett.com"
10269,"brunhildmortgages.com"
10313,"homeloansnewengland.com"
10219,"fairwayarrowhead.com"
10398,"kstrahm.com"
10314,"initialmtg.com"
10369,"paulbattlemortgage.com"
10381,"keynotelendersteam.com"
10187,"brokerbrothersrealestate.com"
10334,"bluefishhomeloans.com"
10315,"ryanmurrayloans.com"
10420,"mcmortgagesource.com"
10041,"cmshomeloans.com"
10373,"harmonhomeloans.com"
10309,"applywithbinh.com"
10389,"frontlinehomeloans.com"
10390,"mploanlab.com"
10376,"tanamcguire.com"
10311,"jrmortgagegroup.com"
10415,"loanswithfrank.com"
10400,"adankteamlending.com"
10378,"jakejacksonhomeloans.com"
10375,"loansbydeborah.org"
10432,"durocherhomeloans.com"
10421,"theforneretteteam.com"
10107,"saveonyourloan.com"
10370,"lisacasselman.com"
10374,"timpowersmortgage.com"
10403,"homeloanswithjpemstein.com"
10465,"lendspire.com"
10343,"stjohnloans.com"
10335,"shawnthehomeloanguy.com"
10436,"theperfecthomemortgage.com"
10473,"localhomelenderexperts.com"
10442,"bayareahomeloansandinsurance.com"
10441,"njmortgagepros.com"
10476,"theboydlendingteam.com"
5615,"tonyamushallo.com"
10095,"sarahgeigerloans.com"
10471,"gibsonhomeloans.com"
10469,"phillip-wilson.com"
10413,"wmimortgage.com"
10239,"mycustomquote.com"
10174,"coachhager.com"
10104,"tlrich.com"
10521,"themooreteamnj.com"
10140,"bomteamnewport.com"
10533,"shelexmortgage.com"
10510,"ktrloans.com"
10531,"atxmortgageloans.com"
9939,"jimstrykerteam.com"
10495,"myusloan.com"
10551,"hunterscreekmortgage.com"
10569,"unlimitedmortgagegroup.com"
10514,"rileychase.com"
10546,"madcityhomeloans.com"
10592,"karendossloans.com"
10564,"hillhomeloans.com"
10497,"mortgagetom.com"
10479,"morganhomelending.com"
10371,"loansbychristie.com"
10594,"carriewales.com"
10595,"ryanrischman.com"
10600,"wimortgageinfo.com"
6854,"gofastlender.com"
10540,"dkfinancialservice.com"
10565,"mortgagesbydavid.com"
10368,"loveyourhomeloan.com"
10265,"paxmortgage.com"
10117,"awesomehomeloans.com"
10607,"rbfinancial.com"
10459,"roxylends.com"
10554,"apply4homeloans.com"
10571,"brightwatermortgage.com"
10649,"lend4less.com"
10652,"mortgageloanshi.com"
10678,"zackdenney.com"
10654,"paylessforyourhome.com"
10664,"robinsonhood.com"
10701,"thinkprovident.com"
10598,"johnzhome.com"
10689,"charlottemortgageman.com"
10681,"sarahmadsenloans.com"
10705,"teamtadena.com"
9935,"jeremydemers.com"
10113,"confidentmortgage.com"
10759,"roddoesloans.com"
10192,"revelocityloans.com"
